order_no,district,address,latitude,longitude
3797,Kathmandu,"Kamaladi , Kathmandu",27.709047,85.3194375
3769,Lalitpur,"Kupoundol , Lalitpur",27.6862181,85.3149142
3770,Kathmandu,"CHABAHIL , Kathmandu",27.7166069,85.3485072
3771,Bhaktapur,"Bhaktapur , Bhaktapur",27.6710221,85.4298197
3794,Kathmandu,"Durbarmarg , Kathmandu",27.7064748,85.31639
141,Lalitpur,"GWARKO , Lalitpur",27.6663423,85.3330053
3894,Lalitpur,"Pulchwok , Lalitpur",27.6782363,85.3168528
3834,Kathmandu,"Dillibazar , Kathmandu",27.705404,85.3266692
3835,Kathmandu,"Boudha , Kathmandu",27.7212981,85.3575479
3837,Lalitpur,"SATDOBATO , Lalitpur",27.6515356,85.327837
3838,Bhaktapur,"Suryabaniyak , Bhaktapur",27.6451028,85.4427153
3839,Kathmandu,"GONGABU , Kathmandu",27.7493381,85.321376
2113,Kathmandu,"Battisputali , Kathmandu",27.7054834,85.3439863
2114,Bhaktapur,"Sukuldhoka , Bhaktapur",27.6714409,85.4314318
2115,Kathmandu,"CHABAHIL , Kathmandu",27.7166069,85.3485072
2116,Kathmandu,"Kamaladi , Kathmandu",27.709047,85.3194375
2117,Kathmandu,"Dillibazar , Kathmandu",27.705404,85.3266692
2118,Kathmandu,"KALANKI , Kathmandu",27.6931052,85.2806539
2119,Bhaktapur,"Kaushaltar , Bhaktapur",27.6466335,85.3901803
2120,Kathmandu,"Maharajgunj , Kathmandu",27.7364789,85.3304212
2122,Kathmandu,"Newroad , Kathmandu",27.7033426,85.3115765
2123,Lalitpur,"Patan , Lalitpur",27.6644011,85.3187914
2124,Kathmandu,"Samakhushi , Kathmandu",27.7272671,85.317499
2125,Lalitpur,"SATDOBATO , Lalitpur",27.6515356,85.327837
2126,Kathmandu,"Sorahkhutte , Kathmandu",27.7185834,85.3094211
2127,Kathmandu,"Swoyambhu , Kathmandu",27.7192103,85.2955242
2128,Kathmandu,"Teku , Kathmandu",27.6953569,85.3039274
2129,Kathmandu,"THAMEL , Kathmandu",27.7153902,85.3123293
3234,Kathmandu,"Mahabouda , Kathmandu",27.7059032,85.3129755
3235,Kathmandu,"SAMAKHUSI , Kathmandu",27.7272671,85.317499
3236,Kathmandu,"CHABAHIL , Kathmandu",27.7166069,85.3485072
3237,Kathmandu,"KALANKI , Kathmandu",27.6931052,85.2806539
3238,Bhaktapur,"Bhaktapur , Bhaktapur",27.6710221,85.4298197
3239,Bhaktapur,"THIMI , Bhaktapur",27.6781812,85.3807886
3240,Lalitpur,"Mangalbazar , Lalitpur",27.6726484,85.3249198
3243,Kathmandu,"SUNDHARA , Kathmandu",27.7000078,85.311683
3244,Kathmandu,"THAMEL , Kathmandu",27.7153902,85.3123293
3245,Lalitpur,"Mahalaxmisthan , Lalitpur",27.6636478,85.3181452
3246,Lalitpur,"Imadol , Lalitpur",27.6564024,85.3420486
3247,Kathmandu,"Gaushala , Kathmandu",27.7084959,85.3465697
3248,Kathmandu,"Kalimati , Kathmandu",27.6999738,85.2890594
3249,Kathmandu,"JORPATI , Kathmandu",27.7278388,85.3782068
3250,Kathmandu,"Dhumbarahi , Kathmandu",27.7252108,85.3433404
3251,Kathmandu,"Pepsicola , Kathmandu",27.6888506,85.3602497
3252,Kathmandu,"Koteshwor , Kathmandu",27.6755549,85.3459238
3326,Kathmandu,"Putalisadak , Kathmandu",27.7029275,85.3223452
1737,Kathmandu,"Thali , Kathmandu",27.7290372,85.414341
1738,Kathmandu,"Khichapokhari , Kathmandu",27.7018038,85.3107136
1739,Kathmandu,"Naxal , Kathmandu",27.7159129,85.327837
3751,Lalitpur,"LAGANKHEL , Lalitpur",27.6659949,85.3226683
1763,Kathmandu,"KALANKI , Kathmandu",27.6931052,85.2806539
1768,Lalitpur,"LAGANKHEL , Lalitpur",27.6659949,85.3226683
1769,Lalitpur,"PULCHOWK , Lalitpur",27.6782363,85.3168528
1770,Bhaktapur,"Bhaktapur , Bhaktapur",27.6710221,85.4298197
1771,Bhaktapur,"Kausaltar , Bhaktapur",27.6754921,85.3659415
3329,Bhaktapur,"Bode , Bhaktapur",27.6909398,85.3904693
3330,Kathmandu,"Dhungedhara , Kathmandu",27.7234545,85.2945417
3336,Bhaktapur,"Kausaltar , Bhaktapur",27.6754921,85.3659415
3337,Kathmandu,"KULESHWOR , Kathmandu",27.6899521,85.2955242
3338,Lalitpur,"KUMARIPATI , Lalitpur",27.6699427,85.3204068
3339,Lalitpur,"Lele , Lalitpur",27.5710764,85.3291291
3340,Lalitpur,"Mahalaxmisthan , Lalitpur",27.6636478,85.3181452
3342,Kathmandu,"Narephat , Kathmandu",27.6712584,85.3474506
3345,Kathmandu,"TOKHA , Kathmandu",27.7700747,85.3291291
2635,Kathmandu,"Nagarjun , Kathmandu",27.732517,85.2567237
2636,Kathmandu,"Nagarjun , Kathmandu",27.732517,85.2567237
2637,Kathmandu,"chandragiri , Kathmandu",27.6903167,85.2204851
2639,Kathmandu,"Balaju , Kathmandu",27.7309123,85.2955242
2347,Kathmandu,"Newroad , Kathmandu",27.7033426,85.3115765
2348,Kathmandu,"Durbar marg , Kathmandu",27.7064748,85.31639
2460,Kathmandu,"Dallu , Kathmandu",27.7120275,85.2994028
2461,Kathmandu,"Kapurdhara , Kathmandu",27.7235046,85.3155518
2462,Kathmandu,"Nepal , Kathmandu",27.7172453,85.3239605
2463,Kathmandu,"Kathmandu , Kathmandu",27.7172453,85.3239605
2465,Kathmandu,"Hattisar , Kathmandu",27.7121469,85.3246066
2472,Kathmandu,"Boudha , Kathmandu",27.7212981,85.3575479
2494,Kathmandu,", Kathmandu",27.7172453,85.3239605
2496,Kathmandu,"Teku , Kathmandu",27.6953569,85.3039274
2497,Kathmandu,"KULESHWOR , Kathmandu",27.6899521,85.2955242
2498,Kathmandu,"KALANKI , Kathmandu",27.6931052,85.2806539
2499,Kathmandu,"GONGABU , Kathmandu",27.7493381,85.321376
2500,Kathmandu,"THAMEL , Kathmandu",27.7153902,85.3123293
2501,Kathmandu,"Durbar marg , Kathmandu",27.7064748,85.31639
2502,Kathmandu,"Gaushala , Kathmandu",27.7084959,85.3465697
2503,Kathmandu,"Maharajgunj , Kathmandu",27.7364789,85.3304212
2504,Lalitpur,"GWARKO , Lalitpur",27.6663423,85.3330053
2505,Lalitpur,"Patan , Lalitpur",27.6644011,85.3187914
2506,Lalitpur,"Bhainsepati , Lalitpur",27.6493323,85.3058664
2507,Bhaktapur,"Bhaktapur , Bhaktapur",27.6710221,85.4298197
2516,Kathmandu,"SINAMANGAL , Kathmandu",27.6991378,85.3510904
2534,Kathmandu,"Gaushala , Kathmandu",27.7084959,85.3465697
591,Kathmandu,"SINAMANGAL , Kathmandu",27.6991378,85.3510904
3783,Kathmandu,"Khichapokhari , Kathmandu",27.7018038,85.3107136
975,Bhaktapur,"Suryabinayak , Bhaktapur",27.6451028,85.4427153
976,Bhaktapur,"THIMI , Bhaktapur",27.6781812,85.3807886
1031,Kathmandu,", Kathmandu",27.7172453,85.3239605
1032,Kathmandu,"Balaju , Kathmandu",27.7309123,85.2955242
1033,Kathmandu,"Baneshwor , Kathmandu",27.6915196,85.3420486
1034,Kathmandu,"Bhotahiti , Kathmandu",27.7071328,85.3141872
1035,Kathmandu,"Boudha , Kathmandu",27.7212981,85.3575479
1036,Kathmandu,"Budhanilkantha , Kathmandu",27.7654382,85.3652959
1037,Kathmandu,"Durbarmarg , Kathmandu",27.7064748,85.31639
1038,Kathmandu,"Gaushala , Kathmandu",27.7084959,85.3465697
1039,Kathmandu,"KALANKI , Kathmandu",27.6931052,85.2806539
1040,Kathmandu,"Kritipur , Kathmandu",27.6630019,85.2774207
1041,Kathmandu,"Maharajgunj , Kathmandu",27.7364789,85.3304212
1042,Kathmandu,"MAITIDEVI , Kathmandu",27.7051799,85.3349433
1043,Kathmandu,"Naxal , Kathmandu",27.7159129,85.327837
1044,Kathmandu,"PHARPING , Kathmandu",27.6128068,85.264486
1045,Kathmandu,"Singadurbar , Kathmandu",27.6980136,85.3238935
1046,Kathmandu,"Airport , Kathmandu",27.6980899,85.3592231
1047,Kathmandu,"Teku , Kathmandu",27.6953569,85.3039274
1048,Kathmandu,"THAMEL , Kathmandu",27.7153902,85.3123293
1049,Kathmandu,"Thapathali , Kathmandu",27.6894055,85.3226683
1057,Lalitpur,", Lalitpur",27.6644011,85.3187914
1058,Lalitpur,"Lubhu , Lalitpur",27.6397038,85.3678783
1059,Lalitpur,"Pulchwok , Lalitpur",27.6782363,85.3168528
1152,Kathmandu,"KALIKASTHAN , Kathmandu",27.7034129,85.3258988
1165,Kathmandu,"Singadurbar , Kathmandu",27.6980136,85.3238935
1167,Kathmandu,"Singhadurbar , Kathmandu",27.6980136,85.3238935
3876,Lalitpur,"Imadol , Lalitpur",27.6564024,85.3420486
1858,Kathmandu,"Hattisar , Kathmandu",27.7121469,85.3246066
1457,Kathmandu,"Gairidhara , Kathmandu",27.71915,85.3262218
3752,Kathmandu,"Durbarmarg , Kathmandu",27.7064748,85.31639
3758,Kathmandu,"Newroad , Kathmandu",27.7033426,85.3115765
3759,Kathmandu,"Kalimati , Kathmandu",27.6999738,85.2890594
3760,Bhaktapur,"GATTHAGHAR , Bhaktapur",27.6765033,85.3743339
2036,Bhaktapur,"Naldum , Bhaktapur",27.7288164,85.5267292
1871,Bhaktapur,"THIMI , Bhaktapur",27.6781812,85.3807886
1872,Bhaktapur,"Bhaktapur , Bhaktapur",27.6710221,85.4298197
2041,Bhaktapur,"Suryabinayak , Bhaktapur",27.6451028,85.4427153
2799,Bhaktapur,"Bhaktapur , Bhaktapur",27.6710221,85.4298197
94,Bhaktapur,"Bhaktapur , Bhaktapur",27.6710221,85.4298197
2846,Bhaktapur,"Bharatpur , Bhaktapur",27.6730889,85.4221509
1563,Bhaktapur,"Suryabinayak , Bhaktapur",27.6451028,85.4427153
2167,Bhaktapur,"Bhaktapur , Bhaktapur",27.6710221,85.4298197
3142,Bhaktapur,"Chyamhasingh , Bhaktapur",27.673576,85.4384483
3154,Bhaktapur,"Bode , Bhaktapur",27.6909398,85.3904693
176,Bhaktapur,"Bhaktapur , Bhaktapur",27.6710221,85.4298197
2586,Bhaktapur,"THIMI , Bhaktapur",27.6781812,85.3807886
2600,Bhaktapur,"Suryabinayak , Bhaktapur",27.6451028,85.4427153
2601,Bhaktapur,"Suryabinayak , Bhaktapur",27.6451028,85.4427153
2686,Bhaktapur,"Kaushaltar , Bhaktapur",27.6466335,85.3901803
357,Bhaktapur,"Lokanthali  , Bhaktapur",27.6738134,85.359485
358,Bhaktapur,"Suryabinayak  , Bhaktapur",27.6451028,85.4427153
359,Bhaktapur,"THIMI , Bhaktapur",27.6781812,85.3807886
1229,Bhaktapur,"THIMI , Bhaktapur",27.6781812,85.3807886
1234,Bhaktapur,"Bhaktapur , Bhaktapur",27.6710221,85.4298197
1257,Bhaktapur,"THIMI , Bhaktapur",27.6781812,85.3807886
2271,Bhaktapur,"Suryabaniyak , Bhaktapur",27.6451028,85.4427153
2297,Bhaktapur,"Kaushaltar , Bhaktapur",27.6466335,85.3901803
476,Bhaktapur,"Kausaltar , Bhaktapur",27.6754921,85.3659415
477,Bhaktapur,"Bhaktapur , Bhaktapur",27.6710221,85.4298197
478,Bhaktapur,"Puranothimi , Bhaktapur",27.6923832,85.3678783
479,Bhaktapur,"Duwakot , Bhaktapur",27.690913,85.4117608
480,Bhaktapur,"Balkot , Bhaktapur",27.6634624,85.3782068
2357,Bhaktapur,"Bhaktapur , Bhaktapur",27.6710221,85.4298197
731,Bhaktapur,"Bhaktapur , Bhaktapur",27.6710221,85.4298197
732,Bhaktapur,"Kausaltar , Bhaktapur",27.6754921,85.3659415
733,Bhaktapur,"THIMI , Bhaktapur",27.6781812,85.3807886
1389,Bhaktapur,"GATTHAGHAR , Bhaktapur",27.6765033,85.3743339
1433,Bhaktapur,"Suryabinayak , Bhaktapur",27.6451028,85.4427153
1841,Bhaktapur,"GATTHAGHAR , Bhaktapur",27.6765033,85.3743339
1861,Bhaktapur,"Kamalbinayak , Bhaktapur",27.6717432,85.4381217
1524,Bhaktapur,"Bhaktapur , Bhaktapur",27.6710221,85.4298197
2272,Lalitpur,"LAGANKHEL , Lalitpur",27.6659949,85.3226683
2283,Lalitpur,"Pulchwok , Lalitpur",27.6782363,85.3168528
2287,Lalitpur,"Jawlakhel , Lalitpur",27.6744259,85.3123293
2793,Lalitpur,"Tangal , Lalitpur",27.7196352,85.3297752
3140,Lalitpur,"Prayagpokhari , Lalitpur",27.6685126,85.3249672
3152,Lalitpur,"Chapagaun , Lalitpur",27.5914845,85.3265449
3157,Lalitpur,"SATDOBATO , Lalitpur",27.6515356,85.327837
3658,Lalitpur,"IMADOLE , Lalitpur",27.6564024,85.3420486
3682,Lalitpur,"Nakhipot , Lalitpur",27.6515428,85.3171759
3706,Lalitpur,"Sanepa , Lalitpur",27.6844496,85.3058664
1917,Lalitpur,"KUPONDOLE , Lalitpur",27.6862181,85.3149142
1918,Lalitpur,"GWARKO , Lalitpur",27.6663423,85.3330053
1919,Lalitpur,"BHAISEPATI , Lalitpur",27.6493323,85.3058664
1920,Lalitpur,"KUMARIPATI , Lalitpur",27.6699427,85.3204068
2079,Lalitpur,"Jawalakhel , Lalitpur",27.6744259,85.3123293
2080,Lalitpur,"Sundhara , Lalitpur",27.669182,85.3304212
140,Lalitpur,"BAGDOL , Lalitpur",27.6665055,85.3015078
142,Lalitpur,"LAGANKHEL , Lalitpur",27.6659949,85.3226683
143,Lalitpur,"PULCHOWK , Lalitpur",27.6782363,85.3168528
1540,Lalitpur,"GWARKO , Lalitpur",27.6663423,85.3330053
1552,Lalitpur,"KUPONDOLE , Lalitpur",27.6862181,85.3149142
1553,Lalitpur,"LAGANKHEL , Lalitpur",27.6659949,85.3226683
1555,Lalitpur,"NAKKHU , Lalitpur",27.6638808,85.306311
1558,Lalitpur,"PULCHOWK , Lalitpur",27.6782363,85.3168528
1559,Lalitpur,"SATDOBATO , Lalitpur",27.6515356,85.327837
2210,Lalitpur,"KUMARIPATI , Lalitpur",27.6699427,85.3204068
2211,Lalitpur,"KUPONDOLE , Lalitpur",27.6862181,85.3149142
2212,Lalitpur,"GWARKO , Lalitpur",27.6663423,85.3330053
1672,Lalitpur,"KUMARIPATI , Lalitpur",27.6699427,85.3204068
1683,Lalitpur,"SATDOBATO , Lalitpur",27.6515356,85.327837
229,Lalitpur,"Patan , Lalitpur",27.6644011,85.3187914
230,Lalitpur,"Chapagaun , Lalitpur",27.5914845,85.3265449
231,Lalitpur,"GWARKO , Lalitpur",27.6663423,85.3330053
2572,Lalitpur,"Jawlakhel , Lalitpur",27.6744259,85.3123293
2608,Lalitpur,"KUMARIPATI , Lalitpur",27.6699427,85.3204068
2609,Lalitpur,"KUMARIPATI , Lalitpur",27.6699427,85.3204068
2652,Lalitpur,"SATDOBATO , Lalitpur",27.6515356,85.327837
2668,Lalitpur,"GWARKO , Lalitpur",27.6663423,85.3330053
310,Lalitpur,"BHAISEPATI , Lalitpur",27.6493323,85.3058664
312,Lalitpur,"IMADOLE , Lalitpur",27.6564024,85.3420486
404,Lalitpur,"Gwarko  , Lalitpur",27.6663423,85.3330053
405,Lalitpur,"Lubhoo , Lalitpur",27.6397038,85.3678783
406,Lalitpur,"Chapagaundobato , Lalitpur",27.6700967,85.3205243
407,Lalitpur,"Kumaripati  , Lalitpur",27.6699427,85.3204068
408,Lalitpur,"Kupondle  , Lalitpur",27.6862181,85.3149142
1217,Lalitpur,"NBL , Lalitpur",27.6644011,85.3187914
1230,Lalitpur,"Jawalakhel , Lalitpur",27.6744259,85.3123293
1237,Lalitpur,"Chapagaun , Lalitpur",27.5914845,85.3265449
1254,Lalitpur,"Patan industrial Area , Lalitpur",27.6635537,85.3262218
1259,Lalitpur,"Thaiba , Lalitpur",27.6273059,85.3472155
601,Lalitpur,"Jawalakhel , Lalitpur",27.6744259,85.3123293
602,Lalitpur,"GWARKO , Lalitpur",27.6663423,85.3330053
603,Lalitpur,"Khumaltar , Lalitpur",27.6485219,85.3252527
604,Lalitpur,"PULCHOWK , Lalitpur",27.6782363,85.3168528
605,Lalitpur,"BHAISEPATI , Lalitpur",27.6493323,85.3058664
2405,Lalitpur,"PULCHOWK , Lalitpur",27.6782363,85.3168528
2406,Lalitpur,"KUMARIPATI , Lalitpur",27.6699427,85.3204068
2407,Lalitpur,"Thaiba , Lalitpur",27.6273059,85.3472155
2408,Lalitpur,"Lubhu , Lalitpur",27.6397038,85.3678783
813,Lalitpur,"Badegaun , Lalitpur",27.6172763,85.3536735
814,Lalitpur,"BHAISEPATI , Lalitpur",27.6493323,85.3058664
815,Lalitpur,"GWARKO , Lalitpur",27.6663423,85.3330053
816,Lalitpur,"KUMARIPATI , Lalitpur",27.6699427,85.3204068
818,Lalitpur,"Mangalbazar , Lalitpur",27.6726484,85.3249198
819,Lalitpur,"Patan , Lalitpur",27.6644011,85.3187914
820,Lalitpur,"Sanepa , Lalitpur",27.6844496,85.3058664
821,Lalitpur,"SATDOBATO , Lalitpur",27.6515356,85.327837
1387,Lalitpur,"EKANTAKUNA , Lalitpur",27.6677761,85.3103905
1408,Lalitpur,"KONJYOSOM , Lalitpur",27.5367901,85.3693903
1409,Lalitpur,"KUMARIPATI , Lalitpur",27.6699427,85.3204068
1431,Lalitpur,"SATDOBATO , Lalitpur",27.6515356,85.327837
1818,Lalitpur,"KUMARIPATI , Lalitpur",27.6699427,85.3204068
1824,Lalitpur,"Patan , Lalitpur",27.6644011,85.3187914
1830,Lalitpur,"SATDOBATO , Lalitpur",27.6515356,85.327837
1854,Lalitpur,"GWARKO , Lalitpur",27.6663423,85.3330053
1450,Lalitpur,"GOTIKHEL , Lalitpur",27.4911352,85.3911146
1458,Lalitpur,"TAUKHEL , Lalitpur",27.6090839,85.3572933
1459,Lalitpur,"LUVU , Lalitpur",27.6397038,85.3678783
3798,Kathmandu,"Kamaladi , Kathmandu",27.709047,85.3194375
3799,Kathmandu,"SUNDHARA , Kathmandu",27.7000078,85.311683
3800,Kathmandu,"GONGABU , Kathmandu",27.7493381,85.321376
3801,Kathmandu,"BANASTHALI , Kathmandu",27.7212949,85.2922919
3802,Kathmandu,"CHABAHIL , Kathmandu",27.7166069,85.3485072
3895,Kathmandu,"CHABAHIL , Kathmandu",27.7166069,85.3485072
2275,Kathmandu,"Putalisadak , Kathmandu",27.7029275,85.3223452
2277,Kathmandu,"Lazimpat , Kathmandu",27.7215031,85.3200837
2279,Kathmandu,"Dhumbarahi , Kathmandu",27.7252108,85.3433404
2280,Kathmandu,"Kritipur , Kathmandu",27.6630019,85.2774207
2284,Kathmandu,"Gongobu , Kathmandu",27.7493381,85.321376
2285,Kathmandu,"Tripureshwor , Kathmandu",27.6949964,85.3149142
2289,Kathmandu,"Boudha , Kathmandu",27.7212981,85.3575479
2290,Kathmandu,"Maharajgunj , Kathmandu",27.7364789,85.3304212
2291,Kathmandu,"Bhotahiti , Kathmandu",27.7071328,85.3141872
2294,Kathmandu,"Battisputali , Kathmandu",27.7054834,85.3439863
2296,Kathmandu,"Naxal , Kathmandu",27.7159129,85.327837
2300,Kathmandu,"CHABAHIL , Kathmandu",27.7166069,85.3485072
2301,Kathmandu,"THAMEL , Kathmandu",27.7153902,85.3123293
2302,Kathmandu,"Kalimati , Kathmandu",27.6999738,85.2890594
2304,Kathmandu,"Bafal , Kathmandu",27.7011369,85.2858364
2339,Kathmandu,"Pepsicola , Kathmandu",27.6888506,85.3602497
1176,Kathmandu,"Lazimpat , Kathmandu",27.7215031,85.3200837
1179,Kathmandu,"Boudha , Kathmandu",27.7212981,85.3575479
2791,Kathmandu,"Koteshwor , Kathmandu",27.6755549,85.3459238
2800,Kathmandu,"Balaju , Kathmandu",27.7309123,85.2955242
2801,Kathmandu,"Baneshwor , Kathmandu",27.6915196,85.3420486
2805,Kathmandu,"Basundhara , Kathmandu",27.7417536,85.3330025
2819,Kathmandu,"Naxal , Kathmandu",27.7159129,85.327837
3139,Kathmandu,"Ason , Kathmandu",27.7076992,85.3120061
3141,Kathmandu,"Saraswotinagar , Kathmandu",27.7257473,85.3543359
3143,Kathmandu,"SUNDHARA , Kathmandu",27.7000078,85.311683
3147,Kathmandu,"Nepaltar , Kathmandu",27.7486392,85.3006956
3150,Kathmandu,"Kalimati , Kathmandu",27.6999738,85.2890594
3151,Kathmandu,"TOKHA , Kathmandu",27.7700747,85.3291291
3153,Kathmandu,"KIRTIPUR , Kathmandu",27.6630019,85.2774207
3155,Kathmandu,"Balambu , Kathmandu",27.6942193,85.2489603
3156,Kathmandu,"Sankhu , Kathmandu",27.5125077,85.3291291
2998,Kathmandu,"Gyaneshwor , Kathmandu",27.7102351,85.3330053
2999,Kathmandu,"Newroad , Kathmandu",27.7033426,85.3115765
3000,Kathmandu,"KALANKI , Kathmandu",27.6931052,85.2806539
3001,Kathmandu,"GONGABU , Kathmandu",27.7493381,85.321376
3002,Kathmandu,"CHABAHIL , Kathmandu",27.7166069,85.3485072
2723,Kathmandu,"SATUNGAL , Kathmandu",27.6825156,85.2489603
2731,Kathmandu,"GONGABU , Kathmandu",27.7493381,85.321376
2736,Kathmandu,"Kalimati , Kathmandu",27.6999738,85.2890594
3652,Kathmandu,"Baluwatar , Kathmandu",27.7254865,85.3297752
3667,Kathmandu,"BANASTHALI , Kathmandu",27.7212949,85.2922919
3675,Kathmandu,"Narayantar , Kathmandu",27.7215429,85.37979
3678,Kathmandu,"KAPAN , Kathmandu",27.7360126,85.3601307
1892,Kathmandu,"KIRTIPUR , Kathmandu",27.6630019,85.2774207
1895,Kathmandu,"MAHABOUDHA , Kathmandu",27.7059032,85.3129755
1896,Kathmandu,"KULESHWOR , Kathmandu",27.6899521,85.2955242
1897,Kathmandu,"THANKOT , Kathmandu",27.686766,85.2023569
1898,Kathmandu,"SAMAKHUSI , Kathmandu",27.7272671,85.317499
1900,Kathmandu,"Kathmandu , Kathmandu",27.7172453,85.3239605
1905,Kathmandu,"KALANKI , Kathmandu",27.6931052,85.2806539
1907,Kathmandu,"TOKHA , Kathmandu",27.7700747,85.3291291
1909,Kathmandu,"THAHITY , Kathmandu",27.7107696,85.3108752
1910,Kathmandu,"NAYABAZAR , Kathmandu",27.7208377,85.3086173
1913,Kathmandu,"KAPAN , Kathmandu",27.7360126,85.3601307
2061,Kathmandu,"Swoyambhu , Kathmandu",27.7192103,85.2955242
2062,Kathmandu,"KULESHWOR , Kathmandu",27.6899521,85.2955242
2067,Kathmandu,"GONGABU , Kathmandu",27.7493381,85.321376
2069,Kathmandu,"KIRTIPUR , Kathmandu",27.6630019,85.2774207
2070,Kathmandu,"KAPAN , Kathmandu",27.7360126,85.3601307
2071,Kathmandu,"Kalimati , Kathmandu",27.6999738,85.2890594
124,Kathmandu,"Balaju , Kathmandu",27.7309123,85.2955242
127,Kathmandu,"GOLFUTAR , Kathmandu",27.7458625,85.3485072
128,Kathmandu,"GONGABU , Kathmandu",27.7493381,85.321376
130,Kathmandu,"Kalimati , Kathmandu",27.6999738,85.2890594
131,Kathmandu,"KIRTIPUR , Kathmandu",27.6630019,85.2774207
135,Kathmandu,"SATUNGAL , Kathmandu",27.6825156,85.2489603
136,Kathmandu,"SITAPAILA , Kathmandu",27.7170009,85.2735406
1531,Kathmandu,"BANASTHALI , Kathmandu",27.7212949,85.2922919
1534,Kathmandu,"CHHETRAPATI , Kathmandu",27.7112473,85.3087748
1535,Kathmandu,"CORPORATE , Kathmandu",27.7172453,85.3239605
1536,Kathmandu,"DHAPASI , Kathmandu",27.7496863,85.3317133
1538,Kathmandu,"GONGABU , Kathmandu",27.7493381,85.321376
1539,Kathmandu,"GOTHATAR , Kathmandu",27.7015916,85.3807886
1543,Kathmandu,"HATTIGAUDA , Kathmandu",27.7553479,85.3478614
1545,Kathmandu,"JORPATI , Kathmandu",27.7278388,85.3782068
1546,Kathmandu,"KALANKI , Kathmandu",27.6931052,85.2806539
1549,Kathmandu,"KIRTIPUR , Kathmandu",27.6630019,85.2774207
1550,Kathmandu,"Koteshwor , Kathmandu",27.6755549,85.3459238
1551,Kathmandu,"KULESHWOR , Kathmandu",27.6899521,85.2955242
1554,Kathmandu,"MANAMAIJU , Kathmandu",27.7489891,85.3110368
1557,Kathmandu,"PANIPOKHARI , Kathmandu",27.7363919,85.327837
1560,Kathmandu,"SINAMANGAL , Kathmandu",27.6991378,85.3510904
1561,Kathmandu,"SUKEDHARA , Kathmandu",27.7280374,85.3458484
1562,Kathmandu,"SUNDHARA , Kathmandu",27.7000078,85.311683
1564,Kathmandu,"THAMEL , Kathmandu",27.7153902,85.3123293
1565,Kathmandu,"THANKOT , Kathmandu",27.686766,85.2023569
2194,Kathmandu,"Jyatha , Kathmandu",27.7117549,85.3129755
2197,Kathmandu,"KALANKI , Kathmandu",27.6931052,85.2806539
2200,Kathmandu,"KULESHWOR , Kathmandu",27.6899521,85.2955242
1665,Kathmandu,"Durbarmarg , Kathmandu",27.7064748,85.31639
1666,Kathmandu,"Putalisadak , Kathmandu",27.7029275,85.3223452
1668,Kathmandu,"Budhanilkantha , Kathmandu",27.7654382,85.3652959
1669,Kathmandu,"CHABAHIL , Kathmandu",27.7166069,85.3485072
1670,Kathmandu,"Baneshwor , Kathmandu",27.6915196,85.3420486
1671,Kathmandu,"Koteshwor , Kathmandu",27.6755549,85.3459238
1673,Kathmandu,"KALANKI , Kathmandu",27.6931052,85.2806539
1674,Kathmandu,"Thapathali , Kathmandu",27.6894055,85.3226683
1675,Kathmandu,"New Road , Kathmandu",27.7033426,85.3115765
1676,Kathmandu,"Kalimati , Kathmandu",27.6999738,85.2890594
1677,Kathmandu,"GOLFUTAR , Kathmandu",27.7458625,85.3485072
1678,Kathmandu,"GONGABU , Kathmandu",27.7493381,85.321376
1679,Kathmandu,"BG , Kathmandu",27.7343048,85.3099057
1680,Kathmandu,"CHABAHIL , Kathmandu",27.7166069,85.3485072
1682,Kathmandu,"Sanobharyang , Kathmandu",27.7208045,85.2891263
1727,Kathmandu,"Kamaladi , Kathmandu",27.709047,85.3194375
213,Kathmandu,"Lazimpat , Kathmandu",27.7215031,85.3200837
217,Kathmandu,"GONGABU , Kathmandu",27.7493381,85.321376
220,Kathmandu,"Baluwatar , Kathmandu",27.7254865,85.3297752
221,Kathmandu,"Swoyambhu , Kathmandu",27.7192103,85.2955242
226,Kathmandu,"KULESHWOR , Kathmandu",27.6899521,85.2955242
2577,Kathmandu,"Teku , Kathmandu",27.6953569,85.3039274
2597,Kathmandu,"THAMEL , Kathmandu",27.7153902,85.3123293
2598,Kathmandu,"KALANKI , Kathmandu",27.6931052,85.2806539
2599,Kathmandu,"KALANKI , Kathmandu",27.6931052,85.2806539
2603,Kathmandu,"Gyneshwor , Kathmandu",27.7102351,85.3330053
2611,Kathmandu,"GONGABU , Kathmandu",27.7493381,85.321376
2641,Kathmandu,"ATTARKHEL , Kathmandu",27.7316519,85.3774
2643,Kathmandu,"CHABAHIL , Kathmandu",27.7166069,85.3485072
2644,Kathmandu,"Balaju , Kathmandu",27.7309123,85.2955242
2646,Kathmandu,"ANAMNAGAR , Kathmandu",27.6976913,85.3297752
2650,Kathmandu,"KANTIPATH , Kathmandu",27.7057241,85.3140895
2651,Kathmandu,"SINAMANGAL , Kathmandu",27.6991378,85.3510904
2653,Kathmandu,"DHAPASHI , Kathmandu",27.7496863,85.3317133
2654,Kathmandu,"JORPATI , Kathmandu",27.7278388,85.3782068
2655,Kathmandu,"HALCHOWK , Kathmandu",27.7268114,85.2773251
2671,Kathmandu,"TEENDHARA , Kathmandu",27.709047,85.3194375
2673,Kathmandu,"MAITIDEVI , Kathmandu",27.7051799,85.3349433
2685,Kathmandu,"KULESHWOR , Kathmandu",27.6899521,85.2955242
2690,Kathmandu,"THAMEL , Kathmandu",27.7153902,85.3123293
2691,Kathmandu,"Maharajgunj , Kathmandu",27.7364789,85.3304212
2700,Kathmandu,"TRIPURESHWORE , Kathmandu",27.6949964,85.3149142
301,Kathmandu,"KAPAN , Kathmandu",27.7360126,85.3601307
304,Kathmandu,"KIRTIPUR , Kathmandu",27.6630019,85.2774207
383,Kathmandu,"Samakhusi  , Kathmandu",27.7272671,85.317499
385,Kathmandu,"Ramhiti , Kathmandu",27.726263,85.365003
390,Kathmandu,"Kalanaki  , Kathmandu",27.6931052,85.2806539
391,Kathmandu,"Dhungedhara , Kathmandu",27.7234545,85.2945417
393,Kathmandu,"Sukedhara  , Kathmandu",27.7280374,85.3458484
400,Kathmandu,"THANKOT , Kathmandu",27.686766,85.2023569
1208,Kathmandu,"Gabahal , Kathmandu",27.6742615,85.3209808
1209,Kathmandu,"Baneshwor , Kathmandu",27.6915196,85.3420486
1210,Kathmandu,"Balaju , Kathmandu",27.7309123,85.2955242
1211,Kathmandu,"CHABAHIL , Kathmandu",27.7166069,85.3485072
1212,Kathmandu,"Kritipur , Kathmandu",27.6630019,85.2774207
1213,Kathmandu,"THAMEL , Kathmandu",27.7153902,85.3123293
1214,Kathmandu,"Bhrikutimandap , Kathmandu",27.7010226,85.3200837
1216,Kathmandu,"KALANKI , Kathmandu",27.6931052,85.2806539
1226,Kathmandu,"Newroad , Kathmandu",27.7033426,85.3115765
1227,Kathmandu,"Lazimpat , Kathmandu",27.7215031,85.3200837
1231,Kathmandu,"Kathmandu , Kathmandu",27.7172453,85.3239605
1232,Kathmandu,"Balaju , Kathmandu",27.7309123,85.2955242
1235,Kathmandu,"Bhedasing , Kathmandu",27.706294,85.309704
1240,Kathmandu,"CHHETRAPATI , Kathmandu",27.7112473,85.3087748
1244,Kathmandu,"Kalimati , Kathmandu",27.6999738,85.2890594
1246,Kathmandu,"KIRTIPUR , Kathmandu",27.6630019,85.2774207
1251,Kathmandu,"SUNDHARA , Kathmandu",27.7000078,85.311683
1255,Kathmandu,"Sankhu , Kathmandu",27.5125077,85.3291291
1256,Kathmandu,"THANKOT , Kathmandu",27.686766,85.2023569
559,Kathmandu,"Tripureshwor , Kathmandu",27.6949964,85.3149142
561,Kathmandu,"KALANKI , Kathmandu",27.6931052,85.2806539
562,Kathmandu,"CHHETRAPATI , Kathmandu",27.7112473,85.3087748
563,Kathmandu,"Samakhushi , Kathmandu",27.7272671,85.317499
566,Kathmandu,"SUKEDHARA , Kathmandu",27.7280374,85.3458484
571,Kathmandu,"KIRTIPUR , Kathmandu",27.6630019,85.2774207
572,Kathmandu,"Saatdobato , Kathmandu",27.6515356,85.327837
573,Kathmandu,"Teku , Kathmandu",27.6953569,85.3039274
574,Kathmandu,"THANKOT , Kathmandu",27.686766,85.2023569
575,Kathmandu,"THAMEL , Kathmandu",27.7153902,85.3123293
578,Kathmandu,"KAPAN , Kathmandu",27.7360126,85.3601307
579,Kathmandu,"Lazimpat , Kathmandu",27.7215031,85.3200837
580,Kathmandu,"GOLFUTAR , Kathmandu",27.7458625,85.3485072
582,Kathmandu,"GOTHATAR , Kathmandu",27.7015916,85.3807886
583,Kathmandu,"TOKHA , Kathmandu",27.7700747,85.3291291
584,Kathmandu,"MANAMAIJU , Kathmandu",27.7489891,85.3110368
585,Kathmandu,"SITAPAILA , Kathmandu",27.7170009,85.2735406
586,Kathmandu,"Thali , Kathmandu",27.7290372,85.414341
587,Kathmandu,"SATUNGAL , Kathmandu",27.6825156,85.2489603
588,Kathmandu,"Koteshwor , Kathmandu",27.6755549,85.3459238
589,Kathmandu,"Sorhakhutte , Kathmandu",27.7185834,85.3094211
590,Kathmandu,"Sankhamul , Kathmandu",27.6853204,85.3317133
592,Kathmandu,"Bhotahiti , Kathmandu",27.7071328,85.3141872
593,Kathmandu,"GONGABU , Kathmandu",27.7493381,85.321376
594,Kathmandu,"Baluwatar , Kathmandu",27.7254865,85.3297752
595,Kathmandu,"Maharajgunj , Kathmandu",27.7364789,85.3304212
2389,Kathmandu,"Basundhara , Kathmandu",27.7417536,85.3330025
2390,Kathmandu,"Babarmahal , Kathmandu",27.6934832,85.3242836
2396,Kathmandu,"KALANKI , Kathmandu",27.6931052,85.2806539
2401,Kathmandu,"SITAPAILA , Kathmandu",27.7170009,85.2735406
776,Kathmandu,"SUNDHARA , Kathmandu",27.7000078,85.311683
777,Kathmandu,"Baneshwor , Kathmandu",27.6915196,85.3420486
778,Kathmandu,"Boudha , Kathmandu",27.7212981,85.3575479
779,Kathmandu,"CHABAHIL , Kathmandu",27.7166069,85.3485072
780,Kathmandu,"Dallu , Kathmandu",27.7120275,85.2994028
781,Kathmandu,"DHAPASI , Kathmandu",27.7496863,85.3317133
782,Kathmandu,"GONGABU , Kathmandu",27.7493381,85.321376
783,Kathmandu,"GOTHATAR , Kathmandu",27.7015916,85.3807886
784,Kathmandu,"Gurjudhara , Kathmandu",27.6862842,85.2415194
785,Kathmandu,"Gyaneshwor , Kathmandu",27.7102351,85.3330053
786,Kathmandu,"HATTIGAUDA , Kathmandu",27.7553479,85.3478614
787,Kathmandu,"JORPATI , Kathmandu",27.7278388,85.3782068
788,Kathmandu,"KALANKI , Kathmandu",27.6931052,85.2806539
789,Kathmandu,"Kalimati , Kathmandu",27.6999738,85.2890594
790,Kathmandu,"Kamaladi , Kathmandu",27.709047,85.3194375
791,Kathmandu,"KANTIPATH , Kathmandu",27.7057241,85.3140895
792,Kathmandu,"KAPAN , Kathmandu",27.7360126,85.3601307
793,Kathmandu,"Khichapokhari , Kathmandu",27.7018038,85.3107136
794,Kathmandu,"Koteshwor , Kathmandu",27.6755549,85.3459238
795,Kathmandu,"Koteshwor , Kathmandu",27.6755549,85.3459238
796,Kathmandu,"Lainchour , Kathmandu",27.7213288,85.3149142
797,Kathmandu,"Maharajgunj , Kathmandu",27.7364789,85.3304212
798,Kathmandu,"Babarmahal , Kathmandu",27.6934832,85.3242836
799,Kathmandu,"MANAMAIJU , Kathmandu",27.7489891,85.3110368
801,Kathmandu,"Putalisadak , Kathmandu",27.7029275,85.3223452
802,Kathmandu,"Shankhamul , Kathmandu",27.6853204,85.3317133
803,Kathmandu,"SINAMANGAL , Kathmandu",27.6991378,85.3510904
804,Kathmandu,"SINAMANGAL , Kathmandu",27.6991378,85.3510904
805,Kathmandu,"SUKEDHARA , Kathmandu",27.7280374,85.3458484
806,Kathmandu,"Swayambhu , Kathmandu",27.7147791,85.2903796
807,Kathmandu,"Tangal , Kathmandu",27.7196352,85.3297752
808,Kathmandu,"Teku , Kathmandu",27.6953569,85.3039274
809,Kathmandu,"THAMEL , Kathmandu",27.7153902,85.3123293
810,Kathmandu,"THANKOT , Kathmandu",27.686766,85.2023569
898,Kathmandu,"TARKESHWOR , Kathmandu",27.7867498,85.3032811
936,Kathmandu,"Ason , Kathmandu",27.7076992,85.3120061
937,Kathmandu,"Bagbazar , Kathmandu",27.7046582,85.3194375
938,Kathmandu,"Kalimati , Kathmandu",27.6999738,85.2890594
940,Kathmandu,"Sorakhutte , Kathmandu",27.7185834,85.3094211
941,Kathmandu,"SAMAKHUSI , Kathmandu",27.7272671,85.317499
942,Kathmandu,"Central , Kathmandu",27.7172453,85.3239605
1379,Kathmandu,"CHUCHCHEPATI , Kathmandu",27.719477,85.3514989
1390,Kathmandu,"Gaushala , Kathmandu",27.7084959,85.3465697
1392,Kathmandu,"GONGABU , Kathmandu",27.7493381,85.321376
1394,Kathmandu,"Naxal , Kathmandu",27.7159129,85.327837
1401,Kathmandu,"JORPATI , Kathmandu",27.7278388,85.3782068
1404,Kathmandu,"KALANKI , Kathmandu",27.6931052,85.2806539
1405,Kathmandu,"KANTIPATH , Kathmandu",27.7057241,85.3140895
1412,Kathmandu,"Maharajgunj , Kathmandu",27.7364789,85.3304212
1420,Kathmandu,"NAYABAZAR , Kathmandu",27.7208377,85.3086173
1428,Kathmandu,"Putalisadak , Kathmandu",27.7029275,85.3223452
1435,Kathmandu,"Teku , Kathmandu",27.6953569,85.3039274
1816,Kathmandu,"KULESHWOR , Kathmandu",27.6899521,85.2955242
1826,Kathmandu,"Sankhamul , Kathmandu",27.6853204,85.3317133
1828,Kathmandu,"SARASWATINAGAR , Kathmandu",27.7257473,85.3543359
1832,Kathmandu,"Swoyambhu , Kathmandu",27.7192103,85.2955242
1833,Kathmandu,"THAMEL , Kathmandu",27.7153902,85.3123293
1847,Kathmandu,"GONGABU , Kathmandu",27.7493381,85.321376
1862,Kathmandu,"KALANKI , Kathmandu",27.6931052,85.2806539
1448,Kathmandu,"MANAMAIJU , Kathmandu",27.7489891,85.3110368
1462,Kathmandu,"GONGABU , Kathmandu",27.7493381,85.321376
1466,Kathmandu,"SITAPAILA , Kathmandu",27.7170009,85.2735406
1467,Kathmandu,"TINKUNE , Kathmandu",27.6915087,85.2959033
1468,Kathmandu,"Gaushala , Kathmandu",27.7084959,85.3465697
1471,Kathmandu,"Jyatha , Kathmandu",27.7117549,85.3129755
1472,Kathmandu,"Kalimati , Kathmandu",27.6999738,85.2890594
1473,Kathmandu,"Budhanilkantha , Kathmandu",27.7654382,85.3652959
1474,Kathmandu,"KHUSIBU , Kathmandu",27.7179664,85.3019883
1475,Kathmandu,"KAMALPOKHARI , Kathmandu",27.7111287,85.3244457
1476,Kathmandu,"Putalisadak , Kathmandu",27.7029275,85.3223452
1477,Kathmandu,"KALIKASTHAN , Kathmandu",27.7034129,85.3258988
1478,Kathmandu,"PHARPING , Kathmandu",27.6128068,85.264486
1479,Kathmandu,"Maharajgunj , Kathmandu",27.7364789,85.3304212
1480,Kathmandu,"Shankhamul , Kathmandu",27.6853204,85.3317133
1481,Kathmandu,"CHABAHIL , Kathmandu",27.7166069,85.3485072
1482,Kathmandu,"BOUDDHA , Kathmandu",27.7212981,85.3575479
1483,Kathmandu,"GOTHATAR , Kathmandu",27.7015916,85.3807886
1485,Kathmandu,"KALANKI , Kathmandu",27.6931052,85.2806539
1486,Kathmandu,"LAGANKHEL , Kathmandu",27.6659949,85.3226683
1521,Kathmandu,"Gairidhara , Kathmandu",27.71915,85.3262218
1522,Kathmandu,"BANIYATAR , Kathmandu",27.7528856,85.3181452
1525,Kathmandu,"ATTARKHEL , Kathmandu",27.7316519,85.3774
3331,Kathmandu,"Dillibazar , Kathmandu",27.705404,85.3266692
2546,Kathmandu,"CHABAHIL , Kathmandu",27.7166069,85.3485072
3393,Kathmandu,"Kamaladi , Kathmandu",27.709047,85.3194375
297,Kathmandu,"Kamaladi , Kathmandu",27.709047,85.3194375
386,Kathmandu,"Durbarmarg , Kathmandu",27.7064748,85.31639
1340,Kathmandu,"Gaushala , Kathmandu",27.7084959,85.3465697
1484,Lalitpur,"GABAHAL , Lalitpur",27.6742615,85.3209808
1487,Lalitpur,"Sanepa , Lalitpur",27.6844496,85.3058664
1523,Lalitpur,"BHAISEPATI , Lalitpur",27.6493323,85.3058664
3803,Kathmandu,"New Road , Kathmandu",27.7033426,85.3115765
1908,Kathmandu,"NARAYAN Gopal Chowk, Kathmandu",27.7403746,85.3375271
2064,Kathmandu,"New Road , Kathmandu",27.7033426,85.3115765
2795,Kathmandu,"New Road , Kathmandu",27.7033426,85.3115765
1544,Kathmandu,"INDRA CHWOK , Kathmandu",27.706149,85.3094211
3836,Kathmandu,"New Road , Kathmandu",27.7033426,85.3115765
3846,Lalitpur,"Rabi Bazar , Lalitpur",27.6644011,85.3187914
3868,Kathmandu,"New Road , Kathmandu",27.7033426,85.3115765
3233,Kathmandu,"Putalisadak New , Kathmandu",27.7033426,85.3115765
3241,Kathmandu,"New Road , Kathmandu",27.7033426,85.3115765
3242,Kathmandu,"New Baneshwor , Kathmandu",27.6915196,85.3420486
2997,Kathmandu,"New Baneshwor , Kathmandu",27.6915196,85.3420486
1667,Kathmandu,"New Road , Kathmandu",27.7033426,85.3115765
1681,Kathmandu,"New Baneshwor , Kathmandu",27.6915196,85.3420486
1684,Lalitpur,"Mangal Bazar , Lalitpur",27.6726484,85.3249198
177,Bhaktapur,"Sano Thimi , Bhaktapur",27.6852825,85.3743339
3857,Kathmandu,"New Baneshwor , Kathmandu",27.6915196,85.3420486
3859,Kathmandu,"New Road , Kathmandu",27.7033426,85.3115765
2571,Kathmandu,"New Baneshwor , Kathmandu",27.6915196,85.3420486
2604,Kathmandu,"New Road , Kathmandu",27.7033426,85.3115765
2605,Kathmandu,"New Road , Kathmandu",27.7033426,85.3115765
2642,Kathmandu,"New Baneshwor , Kathmandu",27.6915196,85.3420486
2698,Kathmandu,"New Road , Kathmandu",27.7033426,85.3115765
387,Kathmandu,"Naya Bazar , Kathmandu",27.7191814,85.3096178
2276,Kathmandu,"New Baneshwor , Kathmandu",27.6915196,85.3420486
2464,Kathmandu,"Lainchour Visa , Kathmandu",27.7214428,85.3148284
2495,Kathmandu,"New Road , Kathmandu",27.7033426,85.3115765
2528,Kathmandu,"New Baneshwor , Kathmandu",27.6915196,85.3420486
560,Kathmandu,"New Road , Kathmandu",27.7033426,85.3115765
570,Kathmandu,"Old Baneshwor , Kathmandu",27.7024708,85.3414027
800,Kathmandu,"New Baneshwor , Kathmandu",27.6915196,85.3420486
3767,Kathmandu,"New Road , Kathmandu",27.7033426,85.3115765
974,Bhaktapur,"Sano Thimi , Bhaktapur",27.6852825,85.3743339
1166,Kathmandu,"New Road , Kathmandu",27.7033426,85.3115765
3871,Kathmandu,"New Road , Kathmandu",27.7033426,85.3115765
1422,Kathmandu,"New Baneshwor , Kathmandu",27.6915196,85.3420486
1423,Kathmandu,"New Road , Kathmandu",27.7033426,85.3115765
1177,Kathmandu,"New Baneshwor , Kathmandu",27.6915196,85.3420486
1178,Kathmandu,"New Road , Kathmandu",27.7033426,85.3115765
1469,Kathmandu,"New Road , Kathmandu",27.7033426,85.3115765
1470,Kathmandu,"New Road , Kathmandu",27.7033426,85.3115765
